config,concurrency,reps,total,success,errors,error_pct,rps,rps_min,rps_max,mean,p50,p90,p95,p99,max,dist_pct,run_ids
A,1,3,832,832,0,0.0,16.64,14.6,17.0,60.14,27.77,117.87,250.26,529.54,802.52,"{""sys2"": 100.0}","A_c1_rep1,A_c1_rep2,A_c1_rep3"
A,10,3,1893,1893,0,0.0,37.86,31.8,43.62,267.61,142.81,674.32,804.11,1041.97,1586.94,"{""sys2"": 100.0}","A_c10_rep1,A_c10_rep2,A_c10_rep3"
A,25,3,2223,2223,0,0.0,44.46,33.72,44.9,559.82,523.23,1080.34,1276.52,1740.59,2340.42,"{""sys2"": 100.0}","A_c25_rep1,A_c25_rep2,A_c25_rep3"
A,50,3,1952,1952,0,0.0,39.04,37.14,47.58,1274.64,1173.41,2357.88,2628.27,3298.92,4625.46,"{""sys2"": 100.0}","A_c50_rep1,A_c50_rep2,A_c50_rep3"
A,100,3,2382,2382,3,0.17,47.64,35.16,48.32,1945.54,1608.6,3165.49,3869.0,12168.37,35459.03,"{""?"": 0.1, ""sys2"": 99.9}","A_c100_rep1,A_c100_rep2,A_c100_rep3"
A,200,3,2552,2448,104,4.08,48.96,46.9,65.96,2142.28,1358.97,3376.76,4667.97,12996.76,34598.67,"{""?"": 4.5, ""sys2"": 95.5}","A_c200_rep1,A_c200_rep2,A_c200_rep3"
A,400,3,2392,2334,349,9.01,46.68,37.34,70.5,2941.68,1968.43,5808.03,12805.85,17069.78,35098.28,"{""?"": 10.6, ""sys2"": 89.4}","A_c400_rep1,A_c400_rep2,A_c400_rep3"
B,1,3,1152,1152,0,0.0,23.04,9.12,32.62,46.66,22.89,99.49,124.7,219.54,1166.12,"{""sys2"": 100.0}","B_c1_rep1,B_c1_rep2,B_c1_rep3"
B,10,3,3166,3166,0,0.0,63.32,61.1,67.2,158.59,122.9,321.27,415.59,590.9,809.48,"{""sys2"": 100.0}","B_c10_rep1,B_c10_rep2,B_c10_rep3"
B,25,3,3597,3597,0,0.0,71.94,62.44,74.78,345.36,300.64,594.06,791.47,1015.16,1512.7,"{""sys2"": 100.0}","B_c25_rep1,B_c25_rep2,B_c25_rep3"
B,50,3,3718,3718,0,0.0,74.36,71.52,75.16,669.51,588.29,1111.91,1431.38,1996.01,2851.91,"{""sys2"": 100.0}","B_c50_rep1,B_c50_rep2,B_c50_rep3"
B,100,3,3541,3541,0,0.0,70.82,67.12,74.66,1382.38,1211.24,2307.63,2559.28,3289.15,4303.77,"{""sys2"": 100.0}","B_c100_rep1,B_c100_rep2,B_c100_rep3"
B,200,3,3499,3499,0,0.0,69.98,56.74,73.2,2788.67,2526.15,4360.77,5009.7,6588.5,21899.85,"{""sys2"": 100.0}","B_c200_rep1,B_c200_rep2,B_c200_rep3"
B,400,3,3383,3341,42,1.24,66.82,66.14,73.54,2946.52,2534.56,4798.9,5439.33,11357.16,27259.95,"{""?"": 3.5, ""sys2"": 96.5}","B_c400_rep1,B_c400_rep2,B_c400_rep3"
C,1,3,774,774,0,0.0,15.48,9.48,18.22,64.68,32.11,141.44,221.45,432.92,797.78,"{""sys2"": 33.4, ""sys3"": 33.3, ""sys4"": 33.3}","C_c1_rep1,C_c1_rep2,C_c1_rep3"
C,10,3,1846,1846,0,0.0,36.92,33.28,64.68,271.15,161.84,632.91,724.87,1041.35,1398.3,"{""sys2"": 33.3, ""sys3"": 33.3, ""sys4"": 33.3}","C_c10_rep1,C_c10_rep2,C_c10_rep3"
C,25,3,1789,1789,0,0.0,35.78,32.3,64.84,695.73,654.96,1263.17,1597.72,2181.92,2565.47,"{""sys2"": 33.3, ""sys3"": 33.3, ""sys4"": 33.3}","C_c25_rep1,C_c25_rep2,C_c25_rep3"
C,50,3,2354,2354,0,0.0,47.08,37.38,51.56,1065.34,1062.94,1787.61,2184.27,2931.07,4198.04,"{""sys2"": 33.3, ""sys3"": 33.3, ""sys4"": 33.3}","C_c50_rep1,C_c50_rep2,C_c50_rep3"
C,100,3,1799,1798,0,0.0,35.96,31.82,51.56,1683.73,1179.33,2236.45,2701.54,23167.21,30374.23,"{""?"": 0.0, ""sys2"": 32.8, ""sys3"": 37.7, ""sys4"": 29.5}","C_c100_rep1,C_c100_rep2,C_c100_rep3"
C,200,3,2211,2204,7,0.32,44.08,28.62,46.26,2349.8,1338.64,3448.46,4897.2,13299.91,35116.48,"{""?"": 1.1, ""sys2"": 28.4, ""sys3"": 37.9, ""sys4"": 32.7}","C_c200_rep1,C_c200_rep2,C_c200_rep3"
C,400,3,1915,1887,99,2.77,37.74,28.24,69.6,3174.36,1089.43,7505.3,11536.58,33858.8,39266.31,"{""?"": 3.8, ""sys2"": 36.9, ""sys3"": 16.3, ""sys4"": 43.0}","C_c400_rep1,C_c400_rep2,C_c400_rep3"
D_failover,100,1,1708,1639,69,4.04,20.49,20.49,20.49,2756.58,1612.82,4362.8,12019.07,17859.66,33284.7,"{""?"": 4.0, ""sys2"": 40.9, ""sys3"": 14.3, ""sys4"": 40.7}",D_failover_c100
E_ip_hash,100,3,1477,1477,0,0.0,29.54,21.5,36.12,2640.36,2541.19,4423.1,4838.17,5994.5,9325.83,"{""sys2"": 5.2, ""sys3"": 94.8}","E_ip_hash_c100_rep1,E_ip_hash_c100_rep2,E_ip_hash_c100_rep3"
E_least,100,3,1496,1496,0,0.0,29.92,24.68,30.38,2935.42,2742.26,5119.22,5729.29,8062.66,29911.84,"{""sys2"": 28.3, ""sys3"": 39.5, ""sys4"": 32.2}","E_least_connections_c100_rep1,E_least_connections_c100_rep2,E_least_connections_c100_rep3"
E_round_robin,100,3,1569,1569,0,0.0,31.38,22.26,31.62,3035.35,2601.23,5010.63,5624.38,23078.35,33296.83,"{""sys2"": 35.1, ""sys3"": 31.2, ""sys4"": 33.7}","E_round_robin_c100_rep1,E_round_robin_c100_rep2,E_round_robin_c100_rep3"
E_weighted_round_robin,100,3,1596,1596,0,0.0,31.92,30.76,32.72,3039.85,3076.78,5002.92,5639.31,6815.43,9281.74,"{""sys2"": 33.2, ""sys3"": 33.4, ""sys4"": 33.4}","E_weighted_round_robin_c100_rep1,E_weighted_round_robin_c100_rep2,E_weighted_round_robin_c100_rep3"
