run_id,config,concurrency,total,success,errors,error_pct,rps,mean,stddev,min,p50,p90,p95,p99,max,distribution
A_c100_rep1,A,100,2382,2382,0,0.0,47.64,1945.54,2379.11,4.34,1608.6,3165.49,3869.0,11202.17,35459.03,"{""sys2"": 2382}"
A_c100_rep2,A,100,1761,1758,3,0.17,35.16,2433.16,2501.2,4.07,2031.86,4463.04,5093.03,12525.12,35995.02,"{""sys2"": 1758, ""?"": 3}"
A_c100_rep3,A,100,2420,2416,4,0.165,48.32,1837.31,2815.47,4.43,1369.83,2822.77,3318.77,12168.37,32900.53,"{""sys2"": 2416, ""?"": 4}"
A_c10_rep1,A,10,1590,1590,0,0.0,31.8,314.12,298.09,4.75,171.7,780.87,930.7,1166.49,1648.63,"{""sys2"": 1590}"
A_c10_rep2,A,10,1893,1893,0,0.0,37.86,267.61,259.98,4.05,142.81,674.32,804.11,1041.97,1586.94,"{""sys2"": 1893}"
A_c10_rep3,A,10,2181,2181,0,0.0,43.62,229.67,228.42,3.64,124.52,590.54,722.96,930.12,1359.83,"{""sys2"": 2181}"
A_c1_rep1,A,1,832,832,0,0.0,16.64,60.14,94.63,3.91,27.24,117.87,250.26,529.54,658.52,"{""sys2"": 832}"
A_c1_rep2,A,1,730,730,0,0.0,14.6,68.57,113.28,5.07,32.66,117.28,308.59,613.61,802.52,"{""sys2"": 730}"
A_c1_rep3,A,1,850,850,0,0.0,17.0,58.92,92.84,4.11,27.77,120.89,209.65,500.59,820.98,"{""sys2"": 850}"
A_c200_rep1,A,200,2523,2345,178,7.055,46.9,2142.28,3522.0,3.92,1349.12,3376.76,4667.97,12646.56,34598.67,"{""sys2"": 2345, ""?"": 178}"
A_c200_rep2,A,200,3396,3298,98,2.886,65.96,2004.1,3264.82,3.43,1358.97,2973.31,3691.45,12996.76,34215.81,"{""sys2"": 3298, ""?"": 98}"
A_c200_rep3,A,200,2552,2448,104,4.075,48.96,2559.2,3120.76,4.42,1830.02,3680.33,11469.63,13775.32,35117.78,"{""sys2"": 2448, ""?"": 104}"
A_c25_rep1,A,25,2245,2245,0,0.0,44.9,554.26,392.69,4.25,486.07,1054.16,1276.52,1740.59,2248.81,"{""sys2"": 2245}"
A_c25_rep2,A,25,1686,1686,0,0.0,33.72,735.36,521.81,4.53,705.14,1407.71,1711.34,2188.53,3185.79,"{""sys2"": 1686}"
A_c25_rep3,A,25,2223,2223,0,0.0,44.46,559.82,381.03,3.61,523.23,1080.34,1227.43,1552.07,2340.42,"{""sys2"": 2223}"
A_c400_rep1,A,400,2391,1867,524,21.916,37.34,2941.68,3384.72,4.9,1968.43,4606.0,12805.85,15196.61,35098.28,"{""sys2"": 1873, ""?"": 518}"
A_c400_rep2,A,400,2392,2334,58,2.425,46.68,6760.39,4404.61,4.41,5807.57,12922.39,17834.07,19313.23,34623.43,"{""sys2"": 2334, ""?"": 58}"
A_c400_rep3,A,400,3874,3525,349,9.009,70.5,2860.04,3895.46,4.11,1510.42,5808.03,12625.0,17069.78,36096.86,"{""sys2"": 3530, ""?"": 344}"
A_c50_rep1,A,50,1952,1952,0,0.0,39.04,1274.64,741.53,3.85,1173.41,2357.88,2628.27,3395.64,4907.1,"{""sys2"": 1952}"
A_c50_rep2,A,50,2379,2379,0,0.0,47.58,1046.25,582.82,4.39,995.84,1864.56,2185.03,2682.8,3481.28,"{""sys2"": 2379}"
A_c50_rep3,A,50,1857,1857,0,0.0,37.14,1342.6,815.32,4.55,1198.82,2533.14,2734.33,3298.92,4625.46,"{""sys2"": 1857}"
B_c100_rep1,B,100,3733,3733,0,0.0,74.66,1321.41,573.46,17.66,1211.24,2012.62,2397.01,3211.32,3801.5,"{""sys2"": 3733}"
B_c100_rep2,B,100,3541,3541,0,0.0,70.82,1382.38,1184.65,16.23,1025.82,3057.22,4197.98,6289.25,7014.14,"{""sys2"": 3541}"
B_c100_rep3,B,100,3356,3356,0,0.0,67.12,1489.84,628.08,6.33,1397.49,2307.63,2559.28,3289.15,4303.77,"{""sys2"": 3356}"
B_c10_rep1,B,10,3055,3055,0,0.0,61.1,163.85,130.14,3.94,123.51,360.16,433.57,598.15,781.97,"{""sys2"": 3055}"
B_c10_rep2,B,10,3360,3360,0,0.0,67.2,148.57,117.23,4.6,113.72,301.86,391.18,569.52,896.94,"{""sys2"": 3360}"
B_c10_rep3,B,10,3166,3166,0,0.0,63.32,158.59,123.08,4.49,122.9,321.27,415.59,590.9,809.48,"{""sys2"": 3166}"
B_c1_rep1,B,1,456,456,0,0.0,9.12,109.43,111.94,6.94,67.22,220.06,327.69,509.78,1166.12,"{""sys2"": 456}"
B_c1_rep2,B,1,1631,1631,0,0.0,32.62,30.66,33.25,4.97,17.43,89.63,104.34,156.46,221.41,"{""sys2"": 1631}"
B_c1_rep3,B,1,1152,1152,0,0.0,23.04,46.66,203.2,4.66,22.89,99.49,124.7,219.54,6773.68,"{""sys2"": 1152}"
B_c200_rep1,B,200,3499,3499,0,0.0,69.98,2788.67,1570.54,6.0,2526.15,4360.77,4868.57,6588.5,17306.18,"{""sys2"": 3499}"
B_c200_rep2,B,200,3660,3660,0,0.0,73.2,2472.91,1371.03,200.9,2184.65,4081.39,5009.7,6100.46,21899.85,"{""sys2"": 3660}"
B_c200_rep3,B,200,2837,2837,0,0.0,56.74,3165.18,2041.74,10.64,2867.57,4898.82,5551.41,8507.0,24380.39,"{""sys2"": 2837}"
B_c25_rep1,B,25,3122,3122,0,0.0,62.44,399.14,225.24,5.79,359.52,708.24,846.58,1015.16,1577.08,"{""sys2"": 3122}"
B_c25_rep2,B,25,3739,3739,0,0.0,74.78,334.0,197.93,4.22,294.37,594.06,719.8,962.62,1361.55,"{""sys2"": 3739}"
B_c25_rep3,B,25,3597,3597,0,0.0,71.94,345.36,216.04,4.88,300.64,580.41,791.47,1151.15,1512.7,"{""sys2"": 3597}"
B_c400_rep1,B,400,3383,3341,42,1.242,66.82,2946.52,2522.79,8.47,2534.56,4798.9,5439.33,11357.16,37874.17,"{""sys2"": 3341, ""?"": 42}"
B_c400_rep2,B,400,3308,3307,1,0.03,66.14,5376.79,2141.25,208.28,4910.07,8672.26,9587.74,10601.11,27259.95,"{""sys2"": 3307, ""?"": 1}"
B_c400_rep3,B,400,4003,3677,326,8.144,73.54,2748.41,1606.95,101.52,2389.24,4393.28,5338.99,12378.32,15585.17,"{""sys2"": 3677, ""?"": 326}"
B_c50_rep1,B,50,3576,3576,0,0.0,71.52,694.98,343.23,4.84,639.45,1147.48,1321.85,1672.16,2088.93,"{""sys2"": 3576}"
B_c50_rep2,B,50,3758,3758,0,0.0,75.16,662.46,381.12,5.79,588.29,1111.91,1431.38,1996.01,2851.91,"{""sys2"": 3758}"
B_c50_rep3,B,50,3718,3718,0,0.0,74.36,669.51,408.08,5.64,580.18,1094.42,1579.82,2242.35,2918.57,"{""sys2"": 3718}"
C_c100_rep1,C,100,1799,1798,1,0.056,35.96,1683.73,3895.18,4.93,1047.58,2236.45,2701.54,31121.32,32528.37,"{""sys2"": 692, ""sys4"": 508, ""sys3"": 598, ""?"": 1}"
C_c100_rep2,C,100,2578,2578,0,0.0,51.56,1653.96,3038.08,6.74,1179.33,2139.88,2618.0,23167.21,30374.23,"{""sys4"": 728, ""sys3"": 1119, ""sys2"": 731}"
C_c100_rep3,C,100,1591,1591,0,0.0,31.82,1942.78,931.56,9.04,1941.48,3122.85,3496.45,4411.75,5309.01,"{""sys4"": 527, ""sys2"": 534, ""sys3"": 530}"
C_c10_rep1,C,10,3234,3234,0,0.0,64.68,154.83,139.6,4.16,107.58,391.43,489.91,582.68,833.61,"{""sys2"": 1078, ""sys3"": 1078, ""sys4"": 1078}"
C_c10_rep2,C,10,1664,1664,0,0.0,33.28,300.18,254.61,6.95,209.83,632.91,724.87,1346.67,1745.75,"{""sys2"": 555, ""sys4"": 555, ""sys3"": 554}"
C_c10_rep3,C,10,1846,1846,0,0.0,36.92,271.15,247.99,5.03,161.84,654.17,743.88,1041.35,1398.3,"{""sys3"": 616, ""sys2"": 615, ""sys4"": 615}"
C_c1_rep1,C,1,474,474,0,0.0,9.48,104.42,106.48,8.78,65.18,228.56,298.01,513.55,1088.22,"{""sys2"": 159, ""sys3"": 158, ""sys4"": 157}"
C_c1_rep2,C,1,911,911,0,0.0,18.22,55.04,73.01,5.77,29.6,116.29,207.01,400.4,566.95,"{""sys4"": 304, ""sys2"": 304, ""sys3"": 303}"
C_c1_rep3,C,1,774,774,0,0.0,15.48,64.68,84.27,5.76,32.11,141.44,221.45,432.92,797.78,"{""sys3"": 258, ""sys4"": 258, ""sys2"": 258}"
C_c200_rep1,C,200,2211,2204,7,0.317,44.08,2349.8,5020.37,6.89,1224.3,3157.56,4743.34,33694.14,35116.48,"{""sys2"": 521, ""sys4"": 814, ""sys3"": 869, ""?"": 7}"
C_c200_rep2,C,200,2315,2313,2,0.086,46.26,2704.67,2596.79,4.2,2452.73,4287.94,4934.13,13132.7,34727.17,"{""sys4"": 567, ""sys3"": 1189, ""sys2"": 557, ""?"": 2}"
C_c200_rep3,C,200,1488,1431,57,3.831,28.62,2098.36,3404.56,5.65,1338.64,3448.46,4897.2,13299.91,35891.89,"{""sys3"": 220, ""sys2"": 627, ""sys4"": 584, ""?"": 57}"
C_c25_rep1,C,25,3242,3242,0,0.0,64.84,385.95,247.33,5.36,326.19,738.22,850.57,1015.98,1245.46,"{""sys4"": 1081, ""sys2"": 1080, ""sys3"": 1081}"
C_c25_rep2,C,25,1789,1789,0,0.0,35.78,695.73,475.09,5.02,654.96,1263.17,1597.72,2181.92,2685.09,"{""sys3"": 597, ""sys2"": 596, ""sys4"": 596}"
C_c25_rep3,C,25,1615,1615,0,0.0,32.3,779.8,518.92,5.51,744.94,1445.24,1817.03,2266.95,2565.47,"{""sys4"": 539, ""sys3"": 538, ""sys2"": 538}"
C_c400_rep1,C,400,3579,3480,99,2.766,69.6,1712.45,2953.39,4.32,1036.73,2876.18,3950.37,13706.23,35127.2,"{""sys2"": 1556, ""sys4"": 1367, ""sys3"": 562, ""?"": 94}"
C_c400_rep2,C,400,1915,1887,28,1.462,37.74,6526.39,4508.39,5.67,6024.09,10155.47,11536.58,34578.69,40038.74,"{""sys4"": 786, ""sys2"": 791, ""sys3"": 310, ""?"": 28}"
C_c400_rep3,C,400,1559,1412,147,9.429,28.24,3174.36,5781.31,5.41,1089.43,7505.3,14498.15,33858.8,39266.31,"{""sys4"": 882, ""sys3"": 276, ""sys2"": 255, ""?"": 146}"
C_c50_rep1,C,50,2578,2578,0,0.0,51.56,970.08,624.64,4.33,885.78,1787.61,2184.27,2931.07,4568.95,"{""sys3"": 860, ""sys2"": 859, ""sys4"": 859}"
C_c50_rep2,C,50,1869,1869,0,0.0,37.38,1331.93,737.56,5.63,1234.72,2309.67,2628.96,3200.77,4198.04,"{""sys4"": 623, ""sys3"": 623, ""sys2"": 623}"
C_c50_rep3,C,50,2354,2354,0,0.0,47.08,1065.34,497.6,6.28,1062.94,1676.56,1949.87,2336.42,3585.01,"{""sys2"": 784, ""sys3"": 785, ""sys4"": 785}"
D_failover_c100,D_failover,100,1708,1639,69,4.04,20.49,2756.58,4201.14,4.7,1612.82,4362.8,12019.07,17859.66,33284.7,"{""sys4"": 696, ""sys2"": 698, ""sys3"": 245, ""?"": 69}"
E_ip_hash_c100_rep1,E_ip_hash,100,1075,1075,0,0.0,21.5,2128.26,1620.39,5.87,1797.58,3682.17,4263.82,5937.4,32525.67,"{""sys3"": 847, ""sys2"": 228}"
E_ip_hash_c100_rep2,E_ip_hash,100,1477,1477,0,0.0,29.54,3269.64,1711.14,4.67,2893.04,5554.5,5975.08,7524.45,9325.83,"{""sys3"": 1477}"
E_ip_hash_c100_rep3,E_ip_hash,100,1806,1806,0,0.0,36.12,2640.36,1285.69,4.24,2541.19,4423.1,4838.17,5994.5,7393.86,"{""sys3"": 1806}"
E_least_connections_c100_rep1,E_least,100,1496,1496,0,0.0,29.92,2830.82,2301.88,5.59,2742.26,4479.99,5138.51,7003.82,29911.84,"{""sys3"": 561, ""sys2"": 430, ""sys4"": 505}"
E_least_connections_c100_rep2,E_least,100,1234,1234,0,0.0,24.68,3397.98,2071.67,4.22,3186.59,5886.63,6758.37,8212.46,37005.13,"{""sys4"": 411, ""sys3"": 550, ""sys2"": 273}"
E_least_connections_c100_rep3,E_least,100,1519,1519,0,0.0,30.38,2935.42,2291.06,4.42,2620.92,5119.22,5729.29,8062.66,28652.25,"{""sys3"": 568, ""sys2"": 498, ""sys4"": 453}"
E_round_robin_c100_rep1,E_round_robin,100,1569,1569,0,0.0,31.38,1788.09,3660.86,5.86,1178.13,2787.75,3427.58,31163.12,34043.21,"{""sys3"": 423, ""sys4"": 540, ""sys2"": 606}"
E_round_robin_c100_rep2,E_round_robin,100,1581,1581,0,0.0,31.62,3035.35,1534.61,4.82,2989.24,5010.63,5624.38,7239.79,9486.69,"{""sys2"": 524, ""sys3"": 531, ""sys4"": 526}"
E_round_robin_c100_rep3,E_round_robin,100,1113,1113,0,0.0,22.26,3814.83,5117.93,4.61,2601.23,5375.65,19415.69,23078.35,33296.83,"{""sys3"": 374, ""sys4"": 371, ""sys2"": 368}"
E_weighted_round_robin_c100_rep1,E_weighted_round_robin,100,1636,1636,0,0.0,32.72,2842.38,1548.51,4.35,2818.86,5002.92,5620.64,6815.43,9863.39,"{""sys2"": 541, ""sys3"": 547, ""sys4"": 548}"
E_weighted_round_robin_c100_rep2,E_weighted_round_robin,100,1596,1596,0,0.0,31.92,3039.85,1476.4,5.32,3076.78,4914.47,5639.31,6693.37,7477.54,"{""sys2"": 531, ""sys3"": 532, ""sys4"": 533}"
E_weighted_round_robin_c100_rep3,E_weighted_round_robin,100,1538,1538,0,0.0,30.76,3223.47,1546.19,4.49,3251.86,5181.64,5869.19,7180.45,9281.74,"{""sys4"": 513, ""sys3"": 513, ""sys2"": 512}"
